temperature,alpha,student_accuracy
1,0.0,0.1
1,0.3,0.25666666666666665
1,0.5,0.34
1,0.7,0.36666666666666664
1,1.0,0.39
2,0.0,0.1
2,0.3,0.2
2,0.5,0.4066666666666667
2,0.7,0.35
2,1.0,0.5566666666666666
4,0.0,0.1
4,0.3,0.2
4,0.5,0.3
4,0.7,0.31666666666666665
4,1.0,0.47333333333333333
8,0.0,0.1
8,0.3,0.22333333333333333
8,0.5,0.22
8,0.7,0.49
8,1.0,0.3
16,0.0,0.1
16,0.3,0.3
16,0.5,0.3
16,0.7,0.33666666666666667
16,1.0,0.25666666666666665
